URL,Informative_Text
https://mollanbros.co.uk/bookcases,"Salisbury Large Bookcase, Salisbury Low Bookcase, Salisbury Slim Bookcase, Stow Natural Oak Large Bookcase, Stow Painted Bookcase (Blue), Stow Painted Bookcase (Grey), Stow Painted Low 1 Drawer Bookcase (Grey), Stow Painted Low 1 Drawer Bookcase (White), Stow Painted Slim Tall Bookcase (Grey), Stow Painted Slim Tall Bookcase (White)"
https://mollanbros.co.uk/fabric9,"Leroy Chair, Casey Chair, Tamla by Lazboy Chair (Manual Reclining), Lawton by Lazboy, Havana Chair, Orson Chair and footstool, Reese Chair, Russo Chair (Fabric), Dudley Recliner Chair, Baxter Recliner Chair (Azul)"
https://mollanbros.co.uk/newproducts,
https://mollanbros.co.uk/leather-chairs,"Moreno Dining Chair (Dark Grey), Moreno Dining Chair (Light Grey), Ravello Dining Chair - Stone, Savannah Dining Chair (Cream), Savannah Dining Chair (Dark Grey), Savannah Dining Chair (Dove Grey)"
https://mollanbros.co.uk/fabric11,"Lawton by Lazboy, Tamla by Lazboy, Baxter by Lazboy, Herbert Electric Reclining Suite, Casey Suite, Leroy Suite, Phoenix Electric Reclining Suite, Reese Suite, Marseille 3 Seater, Phoenix 3 Seater"
https://mollanbros.co.uk/bedroom,
https://mollanbros.co.uk/leather1,"Augustine 2 Seater Recliner, Winchester 2 Seater Recliner, Nerano 2 Seater (Electric Reclining), Nerano 2 Seater (Fixed), Jefferson by Lazboy 2 Seater (Static), Jefferson by Lazboy 2 Seater (Power Reclining), Sophia 2 Seater, Sloane 2 Seater (Power Reclining with Sensor), Sloane 2 Seater (Static), Kenzie 2 Seater Electric Recliner"
https://mollanbros.co.uk/3-2-1-suites,
https://mollanbros.co.uk/mattresses,
https://mollanbros.co.uk/chloes-mattress,Chloe Mattress
https://mollanbros.co.uk/rugs,"Fantasy Trellis Rug, Luxus Cascade Rug, Luxus Stones Rug, Luxus Teardrop Rug, Patchwork Rug, Plush Rugs, Impulse Coblo Rugs, luxus Cascade Rug, Luxus Stones Rug, bentley Rug"
https://mollanbros.co.uk/fabric12,"Lawton by Lazboy, Tamla by Lazboy, Baxter by Lazboy, Herbert Electric Reclining Suite, Cantrell Suite, Casey Suite, Leroy Suite, Phoenix Electric Reclining Suite, Reese Suite, Marseille 3 Seater"
https://mollanbros.co.uk/3-1-1-suites,
https://mollanbros.co.uk/tv-units,"Lazzaro TV Cabinet, Salisbury Corner TV Unit, Salisbury Corner TV Unit with Baskets, Salisbury Extra Large Low Line TV Unit, Salisbury Extra Large TV Unit, Salisbury Large Low Line TV Unit, Salisbury Large TV Unit, Salisbury TV Unit, Stow Natural Oak Corner TV Unit, Stow Natural Oak Large TV Unit"
https://mollanbros.co.uk/divan-bases,"Chloe Divan Base, Respa Full Opening Divan Base, Respa Standard Divan Base, Respa Bottom Half Opening Divan, Respa Inspire Divan Base, Respa Inspire Full Opening Base, Ultima Ottoman Bed Package Deal"
https://mollanbros.co.uk/accent-chairs,
https://mollanbros.co.uk/fabric4,"Blenheim Accent Chair, Lexi Accent Chair by Alstons, Queen Ann Chair, Artemis Juno Accent Chair, Memphis Gallery Accent Chair, Lowry Wing Chair, Lowry Gallery Accent Chair, Throne Accent Chair, Paris Swivel Chair, Luman Swivel Chair"
https://mollanbros.co.uk/sliding-wardrobes,"Miami 2 Sliding Robe with Wooden Doors (217cm High), Amelia Double Sliding Robe (Cream), Amelia Double Sliding Robe (Grey), Jules Sliderobe"
https://mollanbros.co.uk/fabric-chairs,"Lions Head Dining Chair, Malmo Dining Chair, Sutton Dining Chair, Valent Dining Chair - Blue, Valent Dining Chair - Dark Grey, Valent Dining Chair - Light Grey"
https://mollanbros.co.uk/occasional,
https://mollanbros.co.uk/glenkeen-mattresses,"Glenkeen Pearl Mattress, Glenkeen Opal Mattress, Glenkeen Evolution Mattress, Glenkeen Regal Mattress, Glenkeen Celebration mattress, Glenkeen Deluxe Mattress"
https://mollanbros.co.uk/marble-effect-tables-2,"Venice Cream Marble Effect Dining Table, Venice Grey Marble Effect Dining Table, Savannah Table (Cream Marble Effect), Valente Marble Effect Table, Alden Round Dining Table, Riley Dining Table"
https://mollanbros.co.uk/gloss-dressing-tables,"Miami 6 Drawer Vanity Unit, Miami 3 Drawer Vanity Unit"
https://mollanbros.co.uk/fabric1,"Baxter 2 Seater Sofa (Azul), Blenheim 2 Seater Suite, Paris 2 Seater by Lebus, Trent 2 Seater, Artemis 2 Seater, Fairmont 2 Seater, Memphis 2 Seater, Savannah 2 Seater, Lowry 2 Seater, Casey 2 Seater with Console"
https://mollanbros.co.uk/wooden-tables,"maximus 120cm Table, Salisbury Extending Dining Table, Salisbury Fixed Dining Table, Stow Painted 120cm Fixed Table (Grey), Stow Painted 120cm Fixed Table (White), Stow Painted 140cm Butterfly Extending Table (Grey)"
https://mollanbros.co.uk/reclining-chairs,Positano Chair Manual
https://mollanbros.co.uk/sintered-stone-tables,"Quinn 120cm Rectangular Dining Table, Quinn 160cm Rectangular Dining Table, Quinn 80cm Round Dining Table, Lunar 120cm Round Table, Lunar 140cm Ext Table, Lunar 160cm Ext Table"
https://mollanbros.co.uk/wooden-stools,"Mabel Stool (Taupe), Mabel Stool (White), Troscan Stool, Riviera Stool, Doune Stool, Sorrento Stool"
https://mollanbros.co.uk/dining-chairs,
https://mollanbros.co.uk/sophie-mattress,Sophie Mattress
https://mollanbros.co.uk/leather8,"Nerano (Fixed or Electric Options), Russo Suite, Positano suite"
https://mollanbros.co.uk/3-2-suites,
https://mollanbros.co.uk/sofas,
https://mollanbros.co.uk/footstools,"Lexi Legged Ottoman by Alstons, Lexi Ottoman by Alstons, Lexi Storage Stool by Alstons, Paris Footstool by Lebus, Artemis Legged Ottoman, Artemis Storage Stool, Artemis Footstool, Fairmont Legged Ottoman, Fairmont Storage Stool, Fairmont Footstool"
https://mollanbros.co.uk/office-chairs,"Universal Office Chair (Grey), San Francisco Executive Office Chair (Oak)"
https://mollanbros.co.uk/lift-rise-chairs,"Windsor Single Motor Lift & Rise Chair, Savoy Dual Motor Lift & Tilt Recliner, Parker Lift & Rise Chair (Fabric), Sandringham Dual Motor Lift & Rise Chair, Windsor Dual Motor Lift & Rise Chair (Full Leather), Penrith Electric Lift & Tilt Chair, Riva Rise & Recline Chair, Parker Lift & Tilt Chair (Leather), Lincoln Standard Dual Motor Lift + Rise Chair (Fabric), Windsor Dual Motor Lift + Rise Chair"
https://mollanbros.co.uk/leather-accent-chairs,"Harvey Rocker Recliner Chair by Lazboy, Leandro Electric Reclining Accent Chair"
https://mollanbros.co.uk/leather2,"Augustine 3 Seater Recliner, Winchester 3 Seater Recliner, Nerano 3 Seater (Electric Reclining), Nerano 3 Seater (Fixed), Sophia 3 Seater, Sloane 3 Seater (Power Reclining with Sensor), Sloane 3 Seater (Static), Jefferson by Lazboy 3 Seater (Static), Jefferson by Lazboy 3 Seater (Power Reclining), Kenzie 3 Seater Electric Recliner"
https://mollanbros.co.uk/wooden-chairs,"Danube Oak Dining Chair, Danube Painted Oak Dining Chair, Salisbury Cross Back Chair with Wooden Seat, Salisbury Dining Chair with PU Seat, Salisbury Slatted Chair with Wooden Seat, Stow Natural Oak Chair (Solid Seat)"
https://mollanbros.co.uk/sideboards,"Lazzaro Sideboard, Salisbury Extra Large Sideboard, Salisbury Large Sideboard, Salisbury Mini Cupboard, Salisbury Mini Sideboard, Salisbury Sideboard with Baskets, Salisbury Small Sideboard, Stow Natural Oak 2 Door 2 Drawer Sideboard, Stow Natural Oak 3 Door 3 Drawer Sideboard, Stow Natural Oak Compact Sideboard"
https://www.nopcommerce.com/,
https://www.instagram.com/mollansfurniture/?hl=en-gb,
https://mollanbros.co.uk/electric-beds,Respa Electric Bed
https://mollanbros.co.uk/console-tables,"Arianna Console Table, Arturo Console Table, Salisbury Console Table, Stow Natural Oak 1 Drawer Console, Stow Painted 1 Drawer Console Table (Grey), Stow Painted 1 Drawer Console Table (White), Stow Painted 2 Drawer Console Table (Blue), Stow Painted 2 Drawer Console Table (Grey), Stow Painted 2 Drawer Console Table (White), Amelia 1 Drawer Console Table (Cream)"
https://mollanbros.co.uk/gloss-bedframes,"Diletta Bedframe, Diletta Bedframe - Stone, Kristel Bedframe"
https://mollanbros.co.uk/fabric3,"Paris 4 Seater by Lebus, Lowry Grand Sofa, Vesper 4 Seater (Modular), Neve 4 Seater, Cleveland Grand Sofa, Artemis Grand Sofa, Fleming Grand Sofa, Fairmont Grand Sofa, Memphis Grand Sofa, Aalto 4 Seater Sofa"
https://mollanbros.co.uk/mirrors,"Artsource Mirrors, Beaumont Mirror, May Mirror, Zahra Mirror, Hollywood Wireless Charging 9 Bulb Mirror, Hollywood Wireless Charging 12 Bulb Mirror, Hollywood Crystal Strip Mirror, Hollywood Vanity Mirror with 14 Bulbs, Hollywood 15 bulb Mirror"
https://mollanbros.co.uk/contactus,
https://mollanbros.co.uk/corner-sofas,
https://mollanbros.co.uk/fabric-headboards,"Respa Chelsea Headboard (Full Height), Respa Chelsea Headboard (Standard Height), Respa Emerald Headboard (Full Height), Respa Emerald Headboard (Standard Height), Respa Inspire Haiti Headboard, Respa Inspire Janus Headboard, Respa Inspire Rhea Headboard, Respa Inspire Vega Headboard, Respa Miranda Headboard (Full Height), Respa Pandora Headboard (Full Height)"
https://mollanbros.co.uk/order/history,
https://mollanbros.co.uk/living-room,
https://mollanbros.co.uk/fabric-stool,"Diletta Stool, Diletta Stool - Stone, Deauville Stool (Dark Grey), Deauville Stool (Light Grey), Zahra Stool, Sorrento Stool"
https://mollanbros.co.uk/about-us-2,
https://mollanbros.co.uk/gloss-wardrobes,"Miami 2 Door All Hanging Robe, Miami 3 Door 2 Drawer Robe, Miami 3 Door All Hanging Robe, Kristel 4 door Robe with Lights"
https://mollanbros.co.uk/leather6,"Nerano (Fixed or Electric Options), Russo Suite, Positano suite"
https://mollanbros.co.uk/mirrored-chest-of-drawers,"Jessica Dressing Chest, Jessica Tall 5 Drawer Chest"
https://mollanbros.co.uk/arm-chairs,"Grace Orthopedic Chair, Mira Orthopedic Chair"
https://mollanbros.co.uk/,
https://mollanbros.co.uk/coffee-tables,"Arianna Coffee Table, Arturo Coffee Table, Salisbury Coffee Table, Salisbury Coffee Table with Drawer, Salisbury Large Coffee Table, Salisbury Large Coffee Table + Drawers, Stow Natural Oak 2 Drawer Coffee Table, Stow Natural Oak Standard Coffee Table, Stow Painted Coffee Table with 2 Drawers (Grey), Stow Painted Coffee Table with 2 Drawers (White)"
https://mollanbros.co.uk/fabric,"Leroy Suite, Casey Suite, Trent by Lazboy, Penrith Suite, Lawton by Lazboy, Tamla by Lazboy"
https://mollanbros.co.uk/wall-art,"1948 Jag, After the Race Framed Art, Balloons over Mountains Wall Art, Boat on the River, Carrick-a-Rede Bridge, City Peace Bridge Colour, Colourful Butterfly Tree Wall Art, Colourful Love Tree Wall Art, Dark Hedges B&W, Dark Hedges Colour"
https://mollanbros.co.uk/mirrorsb,"Apollo Round Wall Mirror, Jessica Mirror Large, Mabel Cheval Mirror (Taupe), Mabel Cheval Mirror (White), Mabel Vanity Mirror (Taupe), Mabel Vanity Mirror (White), Salisbury Cheval Mirror, Salisbury Mirror, Salisbury Vanity Mirror, Troscan Cheval Mirror"
https://mollanbros.co.uk/guest-beds,Symphony Guest bed by Respa
https://mollanbros.co.uk/benchs,"Salisbury Bench with Baskets, Salisbury Monks Bench, Bradley Bench, Tommy Bench, Next Bench, Charlie Bench"
https://mollanbros.co.uk/glenkeen-pillows,"Glenkeen Memory Gel Pillow, Glenkeen Memory Foam Pillow"
https://mollanbros.co.uk/leather9,"Nerano (Fixed or Electric Options), Russo 3 Seater, Positano 3 Seater Manual, Positano 3 Seater Electric, Nerano 3 Seater (Electric Reclining), Claudia 3 Seater, Claudia 2 Seater, Egan 3 Seater, Egan 2 Seater"
https://mollanbros.co.uk/melamin-tables,"Picasso 1.6-2.0m Extending Dining Table (Cross Leg Base), Picasso 1.6-2.0m Extending Dining Table (4 Legs), Rimini 1.6- 2.0m Extending Dining Table, Athens 1.6 - 2.0m Extending Table, Rimini 30 Round Ext Table, Simoni Round Dining Table"
https://mollanbros.co.uk/wooden-bedside-lockers,"Mabel Bedside Locker (Taupe), Mabel Bedside Locker (White), Salisbury Bedside Locker, Salisbury Wide Bedside Locker, Stow Natural Oak 3 Drawer Locker, Stow Painted Bedside Locker (Grey), Stow Painted Bedside Locker (White), Troscan 2 Drawer Deep Locker, Troscan 3 Drawer Deep Locker, Troscan 3 Drawer Locker"
https://mollanbros.co.uk/wishlist,
https://mollanbros.co.uk/wooden-chest-of-drawers,"Mabel 5 Drawer Tall Narrow Chest (Taupe), Mabel 5 Drawer Tall Narrow Chest (White), Mabel 7 Drawer Wide Chest (Taupe), Mabel 7 Drawer Wide Chest (White), Mabel 8 Drawer Chest (Taupe), Mabel 8 Drawer Chest (White), Salisbury 2+2 Drawer Chest, Salisbury 2+3 Drawer Chest, Salisbury 2+4 Drawer Chest, Salisbury 3+4 Drawer Chest"
https://mollanbros.co.uk/blanket-boxes,"Jessica Storage Ottoman, Salisbury Storage Box, Troscan Blanket Box, Doune Blanket Box"
https://mollanbros.co.uk/fabric-bedframes,"Hama Ottoman Bed, Carlow Ottoman Bedframe - Beige, Carlow Ottoman Bedframe - Grey, Iris Bedframe, Louise Bedframe, Colorado Bedframe, Mabel Bedframe (Taupe), Mabel Bedframe (White), Lauren Ottoman Bed, Opulence Ottoman Bed"
https://mollanbros.co.uk/login?returnUrl=%2F,
https://mollanbros.co.uk/office-furniture,
https://mollanbros.co.uk/mirrored-bedframes,Jessica Bed
https://mollanbros.co.uk/sofabeds,"Aspen Sofabed, Memphis 3 Seater Sofabed, Memphis 2 Seater Sofabed, Roma Sofabed, Aimee 3 Seater Sofabed, Ella 3 Seater Sofabed, Ella 2 Seater Sofabed, Blenheim 2 Seater Sofabed, Blenheim Corner Sofabed, Boston Sofabed"
https://mollanbros.co.uk/4-seater-sofa,
https://mollanbros.co.uk/shipping-returns,
https://mollanbros.co.uk/benches,"Arianna Bench, Charlie Bench, Knightsbridge Bench, Salisbury Cross Leg Bench, Salisbury Large Bench, Ace Bench"
https://mollanbros.co.uk/mirrored-dressing-tables,"Jessica Bedroom Dressing Table (Large), Vanitti Diana Vanity desk with 8 Drawers, Vanitti Diana Vanity desk with 6 Drawers, Alice Vanity Desk, vanitti Eva 13 drawer dressing table"
https://mollanbros.co.uk/waterproof-mattresses,"Aquatex Waterproof Mattress, Coral Waterproof Mattress"
https://mollanbros.co.uk/mirrored-bedside-lockers,Jessica Bedside Table
https://mollanbros.co.uk/2-seater-sofa,
https://mollanbros.co.uk/customer/addresses,
https://mollanbros.co.uk/contact-info,
https://mollanbros.co.uk/chairs,"Ruby Chair, Orthopaedic Chair"
https://mollanbros.co.uk/nest-of-tables,"Salisbury Nest of Tables, Stow Natural Oak Nest Of Tables, Stow Painted Nest of Tables (Grey), Napoli Nest of Tables, Amelia Nest of Tables (Cream), Amelia Nest of Tables (Grey), Paris Oak Nest of tables x3, Paris Painted Nest Of Tables, Monaco Nest Of Tables"
https://mollanbros.co.uk/customer/info,
https://mollanbros.co.uk/bedside-lockers,
https://mollanbros.co.uk/search,
https://mollanbros.co.uk/bedframes,
https://mollanbros.co.uk/recentlyviewedproducts,
https://mollanbros.co.uk/bedsets,"Chloe Divan Bed Deal, Deluxe Set Deal, Regal Divan Set, Ultima Ottoman Bed Package Deal"
https://mollanbros.co.uk/kids-beds-bunks,"PLU101 Midsleeper, Space Bunk Bed, BEL30 Bunk Bed, Roxy Bunks, Jupiter Bunk Bed, Bronson Triple Sleeper, Deauville Bunk Bed"
https://mollanbros.co.uk/leather3,"Kenmare Swivel Chair & Foot Stool, Sloane Armchair (Power Reclining with Sensor), Nerano Chair (Electric Reclining), Nerano Chair (Fixed), Jefferson by Lazboy Chair (Static), Sophia Armchair, Sloane Armchair (Static), Jefferson by Lazboy Chair (Power Reclining), Kenzie Power Recliner Chair, Kenzie Power Recliner Chair + Head Tilt"
https://mollanbros.co.uk/dining-room,
https://mollanbros.co.uk/chest-of-drawers,
https://mollanbros.co.uk/cart,
https://mollanbros.co.uk/gloss-bedside-lockers,"Miami 2 Drawer Bedside Chest, Miami 3 Drawer Bedside Chest, Miami 4 Drawer Bedside Chest, Kristel Locker"
https://mollanbros.co.uk/fabric2,"Blenheim 3 Seater Suite, Duke 3 Seater, Paris 3 Seater by Lebus, Trent 3 Seater, Artemis 3 Seater, Fairmont 3 Seater, Memphis 3 Seater, Savannah 3 Seater, Lowry 3 Seater, Casey 3 Seater"
https://mollanbros.co.uk/wooden-dressing-tables,"Mabel 6 Drawer Dressing Table (Taupe), Mabel 6 Drawer Dressing Table (White), Salisbury Dressing Table, Troscan 3 Drawer Dressing Table, Troscan 6 Drawer Dressing Table, Diletta 2 Drawer Dressing Table, Diletta 2 Drawer Dressing Table - Stone, Amelia Dressing Table Set (Cream), Amelia Dressing Table Set (Grey), Deauville Dressing Table (Dark Grey)"
https://mollanbros.co.uk/leather4,"Augustine 2 Corner 1 Suite, Augustine 2 Corner 2 Suite, Sophia 2-Corner-1, Sophia Armless Unit, Sophia Console, Winchester 2 Corner 2 Manual Recliner, Winchester 2 Corner 2 Power Recliner with Head Tilt, Winchester 2 Corner 1 Power Recliner with Head Tilt, Winchester 2 Corner 1 Manual Recliner, Winchester 2 Corner 1 Power Recliner"
https://mollanbros.co.uk/fabric5,"Paris Chair by Lebus, Trent Chair, Trent Love Chair, Artemis Chair, Ella Chair, Memphis Chair, Savannah Chair, Lowry Chair, Casey Chair, Chicago Chair"
https://mollanbros.co.uk/desks,"Salisbury Double Desk, Salisbury Single Desk, Jenson Desk, Scandic Small Computer Desk, San Francisco Smart Speaker / Charging Desk (Oak), San Francisco Executive Desk ( Grey), San Francisco Height Adjustable Desk (Oak/ Black), Oslo Curved Desk (Oak), San Francisco Smart Speaker/ Charging Desk (Oak), Z Range Small Desk"
https://mollanbros.co.uk/marble-tables,"Arianna Dining Table, Arturo Dining Table, Arturo Round Dining Table, Carra Dining Table Round - Bone White 1300, Florence 1.2m Rectangular Dining Table, Florence 1.2m Round Dining Table"
https://mollanbros.co.uk/dressing-tables,
https://mollanbros.co.uk/fabric8,"Penrith 3 Seater, Penrith 2 Seater, Penrith Armchair, Leroy 3 Seater Sofa, Leroy 2 Seater Sofa, Leroy Chair, Baxter by Lazboy 2 Seater (Power Reclining), Baxter by Lazboy 2 Seater (Manual Reclining), Herbert Chair, Herbert 3 Seater"
https://mollanbros.co.uk/electric-recliners,
https://mollanbros.co.uk/fabric7,"Leroy 2 Corner 2, Paris 2 corner 1 Suite by Lebus, Paris 2 corner 2 Suite by Lebus, Casey 2-Co-1 + Console, Chicago 2-CORNER-1 + STOOL, Chicago 2-CORNER-2, Chicago 2-CORNER-1, Chicago 1-CORNER-1, Chicago Armless Unit, Vesper 2-CORNER-2"
https://mollanbros.co.uk/lamp-tables,"Arianna Lamp Table, Arturo Lamp Table, Salisbury Lamp Table, Salisbury Lamp Table with Drawer, Stow Natural Oak Lamp Table With Shelf, Stow Painted Lamp Table With Shelf (Blue), Stow Painted Lamp Table With Shelf (Grey), Stow Painted Lamp Table With Shelf (White), Manhattan End Table, San Francisco Lamp Table with Speaker/ Wireless Charging Functions"
https://mollanbros.co.uk/tempered-glass-tables,"Savannah Table (White with Grey Insert), Lazzaro Extending Dining Table"
https://mollanbros.co.uk/barstools,"Charlie Barstool, Elis Barstool, Global Home Salisbury Barstool, Malmo Stool, Sutton Barstool, Vida Living Irma Barstool, Valent Barstool - Grey Leather, Valent Barstool - Blue, Valent Barstool - Dark Grey, Valent Barstool - Light Grey"
https://mollanbros.co.uk/dressing-tables-stools,
https://mollanbros.co.uk/dining-tables,
https://mollanbros.co.uk/wooden-wardrobes,"Mabel 2 Door 1 Drawer Wardrobe (Taupe), Mabel 2 Door 1 Drawer Wardrobe (White), Mabel 3 Door 2 Drawer Wardrobe (White), Mabel 3 Door 3 Drawer Wardrobe (Taupe), Salisbury 3 Drawer Wardrobe, Salisbury Gents Wardrobe, Salisbury Single Wardrobe, Salisbury Triple Wardrobe, Troscan 2 Door 1 Shelf Robe, Troscan 2 Door 2 Drawer Robe"
https://mollanbros.co.uk/headboards,
https://mollanbros.co.uk/mirrored-stool,Jessica Bedroom Stool
https://mollanbros.co.uk/bookcasesb,"Troscan 4 Shelf Bookcase, Paris Oak Low Bookcase, Paris Painted Low Bookcase"
https://mollanbros.co.uk/register?returnUrl=%2F,
https://mollanbros.co.uk/3-seater-sofa,
https://mollanbros.co.uk/leather7,"Nerano (Fixed or Electric Options), Russo Suite, Positano suite"
https://mollanbros.co.uk/fabric10,"Lawton by Lazboy, Tamla by Lazboy, Baxter by Lazboy, Herbert Electric Reclining Suite, Casey Suite, Leroy Suite, Phoenix Electric Reclining Suite, Reese Suite, Marseille 3 Seater, marseille 2 Seater"
https://mollanbros.co.uk/wooden-headboards,Troscan Slatted Headboard
https://mollanbros.co.uk/compareproducts,
https://mollanbros.co.uk/wardrobes,
https://mollanbros.co.uk/display-units,"Salisbury Corner Display Cabinet, Salisbury Display Cabinet, Stow Natural Oak Display Cabinet, Stow Natural Oak Low Display Unit, Stow Painted Glass Display Unit (Grey), Stow Painted Glass Display Unit (White), Stow Painted Low Display Unit (Grey), Stow Painted Low Display Unit (White)"
https://mollanbros.co.uk/gloss-chest-of-drawers,"Miami 3+3 Dual Chest, Miami 3 Drawer Midi Chest, Miami 3 Drawer Wide Chest, Miami 4+4 Dual Chest, Miami 4 Drawer Midi Chest, Miami 4 Drawer Wide Chest, Miami 5 Drawer Midi Chest, Miami 5 Drawer Wide Chest, Miami 6 Drawer Wide Chest, Miami 8 Drawer Wide Chest"
https://www.facebook.com/people/Mollan-Bros-Furniture/61566546579159/,
https://mollanbros.co.uk/wooden-bedframes,"Salisbury 3ft Low End Bed, Salisbury Panelled Bed, Salisbury Slatted Bed, Stow Painted 4ft6 Slatted Bedframe (White), Stow Painted 5ft Slatted Bedframe (White), Troscan Deluxe Slatted Bedframe, Troscan Havana Panel-Style Headboard, Amelia 4ft6 Panelled Bedframe (Cream), Amelia 4ft6 Panelled Bedframe (Grey), Amelia 5ft Panelled Bedframe (Cream)"
https://mollanbros.co.uk/kids-beds-bunks-2,"Space Bunk Bed, BEL30 Bunk Bed, Bronson Triple Sleeper, Roxy Bunks, Jupiter Bunk Bed, Deauville Bunk Bed"
https://mollanbros.co.uk/special-offers,"Stow Painted 3 Door 3 Drawer Sideboard (Blue), Stow Painted Standard Coffee Table (Blue), Stow Painted Corner TV Unit (Blue), Stow Painted Extra Large TV Unit (Blue), Stow Painted Lamp Table With Shelf (Blue), Stow Painted Lamp Table with Drawer (Blue)"
https://mollanbros.co.uk/dressers,
https://mollanbros.co.uk/mirrorsl,
https://mollanbros.co.uk/respa,"Respa Fantasia Mattress, Respa Pocket 1600 Mattress, Respa Pocket 1200 Mattress, Respa Pocket 1400 Pillowtop Mattress, Respa Gel Pocket Elite Mattress, Gel Horizon Mattress, Pocket Pillowtop 2000 Mattress, Diamond 3000 Mattress, Respa Rhapsody 2000 Mattress, Respa Hibernate 3000 Mattress"
https://mollanbros.co.uk/reclining-suites,
https://mollanbros.co.uk/lazboyr,"Augustine Recliner Chair, Augustine Rocker Recliner Chair, Winchester Power Rocker Recliner Chair, Winchester Recliner Chair, Jefferson by Lazboy Chair (Power Reclining), Harvey Rocker Recliner Chair by Lazboy, Claudia Chair, Egan Chair"
https://mollanbros.co.uk/leather5,"Nerano Chair (Electric Reclining), Sophia Armchair, Winchester Power Rocker Recliner Chair, Augustine Recliner Chair, Sloane Armchair (Power Reclining with Sensor), Jefferson by Lazboy Chair (Power Reclining), Russo Chair, Nero Swivel Chair (Electric), Positano Chair Electric, Lugo Chair (Reclining)"
https://mollanbros.co.uk/kitchen-islands,Salisbury Kitchen Island
https://mollanbros.co.uk/snuggler-chairs,"Paris Love Chair by Lebus, Artemis Snuggler, Memphis Snuggler, Savannah Snuggler, Lowry Snuggler, Chicago Love Chair, Vesper Love Chair, Luman Swivel Chair, Cleveland Snuggler, Fleming Snuggler"
https://mollanbros.co.uk/lazboy,"Baxter by Lazboy, Jefferson by Lazboy, Trent by Lazboy, Winchester by Lazboy, Sloane By Lazboy, Tamla by Lazboy, Lawton by Lazboy, Augustine by Lazboy"
